iso3,country,city_qid,admin_q,is_cap,pop,yr,lat,lon
PRI,Porto Rico,Q737624,Q1183,0,8249,2020,18.1252646,-65.4323049
PRI,Porto Rico,Q737624,Q1183,0,8249,2020,18.1252646,-65.4323049
PRI,Porto Rico,Q737624,Q1183,0,9301,2010,18.1252646,-65.4323049
PRI,Porto Rico,Q737624,Q1183,0,9301,2010,18.1252646,-65.4323049
PRI,Porto Rico,Q737624,Q1183,0,8950,2015,18.1252646,-65.4323049
PRI,Porto Rico,Q737624,Q1183,0,8950,2015,18.1252646,-65.4323049
PRI,Porto Rico,Q2166924,Q737624,0,947,2020,18.097222222222,-65.470833333333
PRI,Porto Rico,Q5920763,Q737624,0,1025,2020,18.14721,-65.4428156
PRI,Porto Rico,Q5920763,Q737624,0,1207,2010,18.14721,-65.4428156
PRI,Porto Rico,Q6464362,Q41211,0,338,2015,18.46916667,-66.11611111
PRI,Porto Rico,Q125766533,Q41211,0,322854,2020,18.404559,-66.063746
PRI,Porto Rico,Q125766533,Q41211,0,322854,2020,18.404675,-66.064294
PRI,Porto Rico,Q125777769,Q737624,0,1668,2020,18.148491,-65.443951
PRI,Porto Rico,Q125777769,Q737624,0,1668,2020,18.148335,-65.443825
PRI,Porto Rico,Q125792362,Q41211,0,10997,2020,18.430367,-66.05007
PRI,Porto Rico,Q125792362,Q41211,0,10997,2020,18.430367,-66.05007
PRI,Porto Rico,Q41211,Q1183,1,355074,2015,18.465277777778,-66.116666666667
PRI,Porto Rico,Q41211,Q1183,1,355074,2015,18.465277777778,-66.116666666667
PRI,Porto Rico,Q41211,Q1183,1,355074,2015,18.465277777778,-66.116666666667
PRI,Porto Rico,Q41211,Q1183,1,355074,2015,18.465277777778,-66.116666666667
PRI,Porto Rico,Q41211,Q1183,1,342259,2020,18.465277777778,-66.116666666667
PRI,Porto Rico,Q41211,Q1183,1,342259,2020,18.465277777778,-66.116666666667
PRI,Porto Rico,Q41211,Q1183,1,342259,2020,18.465277777778,-66.116666666667
PRI,Porto Rico,Q41211,Q1183,1,342259,2020,18.465277777778,-66.116666666667
PRI,Porto Rico,Q41211,Q1183,1,395326,2010,18.465277777778,-66.116666666667
PRI,Porto Rico,Q41211,Q1183,1,395326,2010,18.465277777778,-66.116666666667
PRI,Porto Rico,Q41211,Q1183,1,395326,2010,18.465277777778,-66.116666666667
PRI,Porto Rico,Q41211,Q1183,1,395326,2010,18.465277777778,-66.116666666667
PRI,Porto Rico,Q41211,Q1183,1,395326,2010,18.465277777778,-66.116666666667
PRI,Porto Rico,Q41211,Q1183,1,395326,2010,18.465277777778,-66.116666666667
PRI,Porto Rico,Q41211,Q1183,1,395326,2010,18.465277777778,-66.116666666667
PRI,Porto Rico,Q41211,Q1183,1,395326,2010,18.465277777778,-66.116666666667
